Article Title,Program Name,Image source,Alt Text,Description
"Tinjau PT Pindad, Jokowi Disopiri Prabowo Naik Maung",Headline News,https://cdn01.metrotvnews.com/dynamic/content/2023/09/19/N4EC2VlW/t_6509bd7354817.jpg?w=300,"Tinjau PT Pindad, Jokowi Disopiri Prabowo Naik Maung","Presiden Joko Widodo memuji Menteri Pertahanan Prabowo Subianto usai menyopirinya menggunakan kendaraan taktis Maung. Peristiwa ini terjadi saat keduanya meninjau PT Pindad di Bandung, Jawa Barat, Selasa 19 September 2023.Presiden Jokowi menikmati momen disopiri oleh Prabowo Subianto. Ia bahkan menyebut, cara menyetir Prabowo sangat bagus. Selain itu kendaraan produksi PT Pindad ini juga sangat mulus dikendarai di jalanan.Menanggapi jawaban Jokowi, Prabowo langsung merendah. Ia mengaku tadi saat menyetir masih tersendat-sendat alias tidak mulus. Di PT Pindad sendiri, beberapa kali momen keakraban Presiden dan Prabowo ini sering terlihat. Prabowo tercatat sudah tiga kali menyopiri Presiden dengan kendaraan yang sama yakni saat Rapim Kemenhan 2023, kunjungan ke PT Pindad di Malang, serta Bandung. ""(kendaraan taktis Maung) mulus, bagus, yang nyetir juga bagus,"" ucap Jokowi. Dalam kunjungan tersebut, Jokowi dan Prabowo melihat produksi kendaraan tempur yang dimiliki oleh Pindad. Usai melihat hasil produksi Pindad, Jokowi menargetkan Pindad menembus posisi 50 terbaik sebagai perusahaan pertahanan dunia.Diperkirakan tahun ini PT Pindad masuk ke angka 60 dan pada 2025 nanti diharapkan masuk Top 50. Presiden Joko Widodo pun mengapresiasi Kemenhan yang rutin memesan hasil produksi Pindad. "
Editorial Malam: Jalan Berliku Sanksi Bawaslu,Editorial MI Video,https://cdn01.metrotvnews.com/dynamic/content/2023/09/19/bJECndJ6/t_6509bbf851b97.jpg?w=300,Editorial Malam: Jalan Berliku Sanksi Bawaslu,"Pada 22 Agustus lalu beredar video kader PDIP Gibran Rakabuming Raka dan Bobby Nasution yang mengajak warga untuk memilih bakal calon presiden Ganjar Pranowo di Pilpres 2024. Kedua video terpisah itu tayang di kanal YouTube PDIP. Selain sebagai kader partai berlambang banteng, Gibran dan Bobby berstatus pejabat negara. Gibran Wali Kota Surakarta. Sedangkan Bobby Wali Kota Medan. Sebelumnya, video Gibran yang menempelkan stiker bergambar Ganjar dan Presiden Jokowi di sejumlah rumah warga di Kota Solo, Jawa Tengah, juga viral di media sosial.Video itu mendapat beragam  tanggapan, termasuk dari Badan Pengawas Pemilu (Bawaslu). Anggota Bawaslu  Lolly Suhenty mengakui adanya indikasi pelanggaran terkait beredarnya video tersebut setelah hampir satu bulan mengusut. Pelanggaran yang dimaksud terutama pasal 283  Undang-undang Pemilu Nomor 7 tahun 2017. Ia pun berjanji akan segera menyampaikan hasil penyelidikannya kepada publik.Untuk diketahui, pasal 283 Undang-Undang Pemilu Nomor 7 Tahun 2017 menyebut pejabat negara, pejabat struktural dan pejabat fungsional dalam jabatan negeri serta Aparatur Sipil Negara (ASN) lainnya dilarang mengadakan kegiatan yang mengarah kepada keberpihakan terhadap Peserta Pemilu sebelum, selama, dan sesudah masa kampanye. Larangan sebagaimana dimaksud meliputi pertemuan, ajakan, imbauan, seruan atau pemberian barang kepada ASN dalam lingkungan unit kerjanya, anggota keluarga, dan masyarakat.   Sejauh ini, Ganjar memang belum secara resmi mendaftarkan diri ke Komisi Pemilihan Umum sebagai capres. Namun, ia satu-satunya calon kuat PDIP yang digadang-gadang untuk bertarung pada Pilpres 2024. Jika tidak, logikanya kenapa Gibran dan Bobby repot-repot mengajak masyarakat berbondong-bondong datang ke bilik suara untuk memilihnya. Lagi pula, PDIP sendiri sudah gembar-gembor mempromosikan Gubernur Jawa Tengah ini sebagai capres. Dari fakta ini, Bawaslu seharusnya segera mengumumkan hasil temuannya, apakah tindakan Gibran dan Bobby termasuk pelanggaran pemilu atau tidak. Kemukakan juga alasannya ke publik. Penetapan status ini penting agar jadi pembelajaran bagi semua pihak, khususnya peserta pemilu untuk menaati UU. Kepastian dan keadilan hukum adalah bagian dari upaya menciptakan kepercayaan publik kepada Pemilu 2024.Bawaslu juga tidak perlu sungkan meski Gibran dan Bobby merupakan anak dan menantu Presiden Jokowi. Sebagai lembaga pengawas pemilu, lembaga ini harus berlaku sebagai wasit yang adil, jangan berat sebelah, apalagi tebang pilih.Sekali lagi, ini demi memberi kepercayaan kepada publik tentang kualitas pemilu yang jujur dan adil, sekaligus sebagai sarana pendidikan politik bagi masyarakat. Pemilu bukan semata rivalitas untuk meraih kursi kekuasaan. Ada etika dan aturan-aturan yang mesti dipatuhi. Satu hal yang juga mesti digarisbawahi, negara ini telah memilih jalan demokrasi untuk menciptakan tatanan kehidupan bersama. Esensi ide ini ?isandarkan pada prinsip kebebasan, kesamaan, dan kehendak rakyat banyak.Itu artinya, dalam suatu negara demokrasi tidak boleh ada pemaksaan terhadap individu maupun masyarakat dalam menggunakan hak suaranya pada pemilu, yang notabene merupakan salah satu instrumen  demokrasi. Jika dilanggar, itu artinya mencederai etika demokrasi. Ini yang semesti dipahami, apalagi oleh seorang pejabat negara yang juga dipilih rakyat secara demokratis, bukan hasil titipan. Masa lupa?"
"Beda Gaya Adu Gagasan dengan Ganjar dan Prabowo, Anies Tanpa Slide Presentasi",Headline News,https://cdn01.metrotvnews.com/dynamic/content/2023/09/19/Ky6CBaoJ/t_6509bb559421f.jpg?w=300,"Beda Gaya Adu Gagasan dengan Ganjar dan Prabowo, Anies Tanpa Slide Presentasi",
PPP: Sandiaga Uno Penuhi Kriteria Bakal Cawapres Ganjar,The Election Channel,https://cdn01.metrotvnews.com/dynamic/content/2023/09/19/NG9C5D6d/t_6509bae144705.jpg?w=300,PPP: Sandiaga Uno Penuhi Kriteria Bakal Cawapres Ganjar,"Ketua DPP PPP Achmad Baidowi menyebut Menparekraf sekaligus Ketua Badan Pemenangan Pemilu (Bappilu) PPP Sandiaga Uno memenuhi kriteria bakal cawapres Ganjar Pranowo. Sebab, Sandiaga berhasil mendongkrak dunia pariwisata Indonesia pasca covid-19.""Sandiaga ini tidak mencalonkan, tetapi dicalonkan oleh Rapimnas PPP, diminta dan disodorkan sebagai bakal cawapresnya Pak Ganjar, namun itu baru usulan dari PPP,"" kata Achmad Baidowi dalam program Primetime News, Metro TV, Selasa, 19 September 2023. Achmad Baidowi mengeklaim bahwa PPP optimis sejak awal bahwa Sandiaga Uno bakal menjadi cawapres Ganjar Pranowo. Meskipun, nama Ridwan Kamil santer terdengar akan menjadi bakal cawapres Ganjar.""Politik itu penuh kalkulasi, penuh hitungan, kita masih ada waktu sebulan ke depan untuk mensimulasikan siapa yang layak mendampingi Ganjar,"" ungkapnya. Sementara pengamat politik Adi Prayitno mengungkap bahwa Puan Maharani representasi dari politik PDIP. Ia menilai cukup rasional jika Puan Maharani mengatakan Ridwan Kamil dan AHY sudah tidak bisa menjadi bakal cawapres Ganjar Pranowo. ""Bagi saya ini adalah suatu keniscayaan, sudah menjadi fakta politik bahwa Ridwan Kamil dan AHY sudah tidak mungkin mendampingi Ganjar Pranowo,"" ujarnya.Adi Prayitno menyebut bakal cawapres Ganjar kini mengerucut menjadi empat nama. Mereka adalah Sandiaga Uno, Mahfud MD, Erick Thohir dan Andika Perkasa. ""Kalau kita melihat simulasi survei, kalau Sandi dipasangkan dengan Ganjar itu bisa kompetitif elektabilitasnya, begitu pun dengan Mahfud MD, saya kira memiliki keunggulan yang luar biasa,termasuk Erick Thohir dan Andika Perkasa,"" jelas Adi. Menurut Adi, tidak mudah bagi partai pendukung Ganjar memilih bakal cawapres terbaik. Sebab, Ganjar akan menghadapi lawan-lawan yang besar, seperti Anies Baswedan - Muhaimin Iskandar dan Prabowo dengan bakal cawapresnya. Ketua DPP PDI Perjuangan Puan Maharani bicara soal peluang Ketua Umum Partai Demokrat Agus Harimurti Yudhoyono (AHY) dan Wakil Ketum Partai Golkar Ridwan Kamil di bursa bakal calon wakil presiden (cawapres) untuk bakal calon presiden (capres) Ganjar Pranowo. Puan menyebut keduanya tidak mungkin jadi bacawapres Ganjar.Puan mengatakan nama AHY memang muncul dalam bursa bacawapres Ganjar. Namun, kini sudah tidak mungkin. ""Muncul nama Mas AHY. Namun karena Demokrat sudah memutuskan untuk pindah atau menentukan gabung dengan Mas Prabowo, tentu saja seperti tidak mungkin,"" kata Puan usai acara Munas-Konbes NU 2023 di Jakarta, Senin, 18 September 2023.Begitu juga dengan sosok mantan Gubernur Jawa Barat Ridwan Kamil. Puan menyebut Golkar pun sudah memutuskan bergabung dalam Koalisi Indonesia Maju untuk mendukung Prabowo, sehingga tidak mungkin jadi bakal cawapres untuk Ganjar."
Starbucks Ekspansi Bisnis USD220 Juta di Tiongkok,Headline News,https://cdn01.metrotvnews.com/dynamic/content/2023/09/19/N0BCrQ3Y/t_6509bab3296b2.jpg?w=300,Starbucks Ekspansi Bisnis USD220 Juta di Tiongkok,"Raksasa kopi Amerika Serikat, Starbucks, membuka pengembangan bisnis senilai USD220 juta di luar Shanghai, namun masih di wilayah Tiongkok."
Ini Penyebab Lemahnya Pemulihan Ekonomi Eropa,Headline News,https://cdn01.metrotvnews.com/dynamic/content/2023/09/19/KdZCVnJQ/t_6509b8eb9f9b5.jpg?w=300,Ini Penyebab Lemahnya Pemulihan Ekonomi Eropa,"Dana Moneter Internasional (IMF) memperkirakan perekonomian Eropa akan melemah sesuai perkiraan, seiring dengan melemahnya sektor jasa yang diperkirakan akan terjadi pada sektor manufaktur."
Azerbaijan Luncurkan 'Operasi Anti-Teroris' di Nagorno-Karabakh,Headline News,https://cdn01.metrotvnews.com/dynamic/content/2023/09/19/b7WCRyB8/t_6509b578be0d9.jpg?w=300,Azerbaijan Luncurkan 'Operasi Anti-Teroris' di Nagorno-Karabakh,
Eks Dirut Pertamina Sebut Hanya Mengikuti Perintah Jabatan,Headline News,https://cdn01.metrotvnews.com/dynamic/content/2023/09/19/kM6C0mew/t_6509b5c02b15b.jpg?w=300,Eks Dirut Pertamina Sebut Hanya Mengikuti Perintah Jabatan,
Menunggu Aksi Istana Perangi Hoaks Prabowo Tampar Wamentan,Top News,https://cdn01.metrotvnews.com/dynamic/content/2023/09/19/NP6CZzER/t_6509b4f6c6d33.jpg?w=300,Menunggu Aksi Istana Perangi Hoaks Prabowo Tampar Wamentan,"Jagad media tiba-tiba diramaikan kabar bahwa Menteri Pertahanan yang juga bakal calon presiden, Prabowo Subianto mencekik Wakil Menteri Pertanian (Wamentan) Harvick Hasnul Qolbi. Presiden Joko Widodo, Kementerian Pertanian, hingga Prabowo sendiri membantah kabar ini. Meski begitu, kabar ini telah merugikan bukan saja Prabowo, tapi juga kabinet. Isu Prabowo mencekik dan menampar Wamentan Harvick Hasnul Qolbi viral di media sosial. Isu ini awalnya disebarkan oleh akun media sosial Seword. Isu ini kemudian berkembang dan menjadi bahan pergunjingan di masyarakat. Isu ini menjadi masalah serius karena melibatkan dua institusi, yaitu Prabowo Subianto beserta partai dan koalisinya, serta kabinet. Karena itu menurut Direktur Eksekutif Indonesia Political Opinion (IPO) Dedi Kurnia Syah, kedua pihak tersebut harus melakukan pembersihan nama. ""Dengan situasi ini saya kira harus ada yang menjelaskan secara confirm bahwa kejadian itu tidak benar, karena kalau sampai kejadian itu benar maka bukan saja Prabowo Subianto yang namanya tentu tercemar dan semakin buruk di hadapan publik, tetapi juga istana yang kemudian tidak bisa dibebaskan dari aktivitas-aktivitas politik,"" jelas Dedi. Presiden Joko Widodo meminta masyarakat tidak percaya begitu saja dengan informasi  yang tidak dapat dipertanggungjawabkan kebenarannya. Informasi seperti itu diminta dikroscek terlebih dahulu. ""Setahu saya tidak ada peristiwa seperti itu (wamen tampar  seorang wakil menteri di rapat kabinet)"" kata Presiden Joko Widodo. Presiden mengatakan, di tahun politik memamang sering kali muncul informasi-informasi yang menyerang figur-figur politik. Hal tersebut disampaikan Jokowi di sela-sela meninjau Pasar Jatinegara, Jakarta Timur.  ""Di tahun politik banyak berita-berita seperti itu. Tolong dikroscek kembali kebenarannya,"" tambah Jokowi."
PSSI dan Polri Bersinergi Persiapkan Piala Dunia U-17,Breaking News,https://cdn01.metrotvnews.com/dynamic/content/2023/09/19/N9nC6gPD/t_6509b479d1272.jpg?w=300,PSSI dan Polri Bersinergi Persiapkan Piala Dunia U-17,
"Kelelahan dalam Perjalanan, Timnas U-17 Hanya Latihan Ringan pada Hari Pertama TC di Jerman",Breaking News,https://cdn01.metrotvnews.com/dynamic/content/2023/09/19/N6GC8GEX/t_6509b483396df.jpg?w=300,"Kelelahan dalam Perjalanan, Timnas U-17 Hanya Latihan Ringan pada Hari Pertama TC di Jerman",
Timnas Indonesia Tekuk Kirgistan di Laga Pembuka Asian Games 2022,Breaking News,https://cdn01.metrotvnews.com/dynamic/content/2023/09/19/kqYCEM5d/t_6509b5a95c6a4.jpg?w=300,Timnas Indonesia Tekuk Kirgistan di Laga Pembuka Asian Games 2022,
Kepala BP2MI Terima Kedatangan Jenazah Korban TPPO Asal NTT,Primetime News,https://cdn01.metrotvnews.com/dynamic/content/2023/09/19/b1oC8WnV/t_6509b29ab7cf3.jpg?w=300,Kepala BP2MI Terima Kedatangan Jenazah Korban TPPO Asal NTT,"Jenazah pekerja migran ilegal kembali dipulangkan dari Malaysia. Kedatangan jenazah diterima langsung oleh Kepala BP2MI Benny Rhamdani yang turut mendampingi keluarga korban dan menguatkan keluarga yang ditinggalkan.Duka mendalam dirasakan keluarga Yati Fatima Tusi, korban TPPO asal NTT yang meninggal dunia karena sakit ketika bekerja di Malaysia. Jenazah Yati dipulangkan melalui Bandara El Tari, Kupang, Senin, 18 September 2023. Data BP2MI mencatat, NTT merupakan daerah yang paling tinggi kasus kepulangan jenazah pekerja migran illegal. Sepanjang 2023, tercatat sudah ada sebanyak 107 jenazah pekerja migran ilegal yang dipulangkan ke NTT.""NTT ini provinsi tertinggi untuk angka kepulangan jenazah (PMI),"" kata Benny Rhamdani. Benny menegaskan, pemerintah saat ini serius untuk mencegah dan menindak secara tegas setiap sidikat ataupun oknum yang terlibat tindak pidana perdagangan orang (TPPO). Benny pun mengajak semua pihak untuk bersama-sama memberantas sindikat perdagangan orang."
2 Warga Oksibil Terluka Ditembak Separatis Papua,Primetime News,https://cdn01.metrotvnews.com/dynamic/content/2023/09/19/bVDCOxag/t_6509b48994f68.jpg?w=300,2 Warga Oksibil Terluka Ditembak Separatis Papua,"Kelompok Separatis Teroris (KST) Papua kembali berulah dengan menembak dua orang warga sipil di Distrik Oksibil, Kabupaten Pegunungan Bintang. Kasatgas Humas Ops Damai Cartenz AKBP Bayu Suseno mengatakan, penembakan terjadi di Kampung Okpol, Senin 18 September 2023 sekitar pukul 19.00 WIT. Kedua korban tengah berada di dalam rumah lalu tiba-tiba terdengar suara tembakan dan mengenai keduanya. Akibatnya, dua korban bernama Regina Bitdana dan Jonas Kalakmabin mengalami luka tembak di bagian kaki. Saat ini keduanya berada di RSUD Oksibil untuk menjalani perawatan. ""Untuk kondisi korban saat ini dalam keadaan sadar dan dirawat di RSUD,"" kata AKBP Bayu Suseno."
Tersangka Korupsi LNG Pertamina Bantah Tudingan KPK,Headline News,https://cdn01.metrotvnews.com/dynamic/content/2023/09/19/k8oCLy0L/t_6509b3c85b6d2.jpg?w=300,Tersangka Korupsi LNG Pertamina Bantah Tudingan KPK,
BP2MI Kukuhkan Kawan PMI NTT,Primetime News,https://cdn01.metrotvnews.com/dynamic/content/2023/09/19/NgxC84Gr/t_6509b1e8bd474.jpg?w=300,BP2MI Kukuhkan Kawan PMI NTT,"Badan Pelindungan Pekerja Migran Indonesia (BP2MI) membentuk dan mengukuhkan Komunitas Relawan Pekerja Migran Indonesia (Kawan PMI) di Kupang, Nusa Tenggara Timur (NTT). Kawan PMI merupakan wadah untuk bersama-sama melindungi pekerja migran Indonesia. Pembentukan Kawan PMI ini dikukuhkan langsung oleh Kepala BP2MI Benny Rhamdani, didampingi Pj Gubernur NTT Ayodhia Kalake, Kapolda NTT Irjen Pol Johni Asadoma, serta sejumlah perwakilan pimpinan TNI dan Forkopimda. Hadir pula dalam kegiatan ini anggota DPR RI Komisi IX Ratu Ngadu Banu Wulia bersama anggota DPD Paul Liyanto.Sejak pagi, ratusan anggota Kawan PMI mulai berdatangan ke lokasi dengan penuh semangat. Sebanyak 115 anggota Kawan PMI se-NTT yang dikukuhkan diharapkan dapat menjadi wadah untuk berjuang bersama menjaga dan melindungi pekerja migran Indonesia. Benny Rhamdani menambahkan, NTT merupakan daerah tertinggi angka kematian PMI illegal. Sehingga, perlu kerjasama semua pihak, termasuk bersama Kawan PMI NTT untuk memberikan perlindungan terhadap PMI.   Data BP2MI mencatat dalam kurun waktu sejak 2019 - 2023, sebanyak 4.506 PMI asal NTT yang bekerja di luar negeri secara prosedural. Sementara sepanjang 2023, tercatat 107 jenazah PMI yang dipulangkan ke NTT, dan dalam tiga tahun terakhir ada sebanyak 420 jenazah PMI asal NTT yang merupakan PMI nonprosedural.Dengan kondisi tersebut, kehadiran Kawan PMI NTT mampu berkolaborasi dengan semua pihak untuk mencegah berbagai tindakan kejahatan. Termasuk memerangi sindikat penempatan PMI secara illegal.Komitmen yang sama disampaikan langsung oleh Kapolda NTT Irjen Pol Johni Asadoma. Kapolda menjamin integritas aparat untuk memerangi berbagai aksi kejahatan perdagangan orang dan memberantas oknum ataupun sindikat yang terlibat dalam perekrutan ataupun penempatan PMI secara illegal. Jika ada oknum aparat yang terlibat, maka dipastikan akan ditindak tegas.Kepala BP2MI Benny Rhamdani dalam sambutannya menyerukan kepada seluruh Kawan PMI untuk bersatu, berjuang bersama memerangi sindikat perdagangan orang dan memberikan perlindungan menyeluruh bagi PMI. PMI wajib dilindungi karena PMI merupakan anak bangsa sebagai penyumbang devisa terbesar mencapai Rp1.519 triliun lebih per tahunnya. Sehingga negara wajib memperhatikan dan melindungi setiap PMI.  Negara akan bertindak tegas terhadap siapapun atau sindikat apapun yang terlibat melalui instruksi presiden terhadap kapolri untuk sikat habis setiap sindikat dan oknum yang terlibat perdagangan orang. Kepala BP2MI pun menyerukan kepada semua pihak agar komitmen bersama dan berjuang bersama agar negara tidak kalah dengan para mafia atau sindikat kejahatan.Dalam kegiatan ini, Kepala BP2MI juga menyampaikan apresiasi bagi para anggota yang telah bergabung sebagai Kawan PMI sebagai salah satu aksi kemanusiaan demi menjaga dan melindungi negara dari berbagai ancaman sindikat kejahatan. Termasuk memerangi tindakan perdagangan orang demi memberi perlindungan kepada para pekerja migran Indonesia. "
Dalih Ganjar Usai Muncul di Azan TV Jadi Kontroversi,Headline News,https://cdn01.metrotvnews.com/dynamic/content/2023/09/19/ba4C0GgY/t_6509af56f1150.jpg?w=300,Dalih Ganjar Usai Muncul di Azan TV Jadi Kontroversi,
PKB Belum Dapat Kapten Timnas AMIN,The Election Channel,https://cdn01.metrotvnews.com/dynamic/content/2023/09/19/kWDCOMGW/t_6509b271a8dbd.jpg?w=300,PKB Belum Dapat Kapten Timnas AMIN,"Jakarta: Partai Kebangkitan Bangsa (PKB) masih mempelajari nama-nama yang dirumorkan mengisi pos kapten Tim Nasional (Timnas) Pemenangan Anies-Cak Imin (AMIN). Belum ada pembicaraan secara detail.""Sampai saat ini secara detail buat suaranya kita belum bisa menyampaikan,"" ujar Ketua Umum DPP Perempuan Bangsa PKB Siti Mukaromah, Selasa, 19 September 2023.Erma, sapaannya, mengaku belum ada pembicaraan lebih lanjut mengenai sosok Kapten Timnas Pemenangan AMIN. Baik di internal PKB dan dengan partai koalisi.Pihaknya saat ini baru membahas tema yang akan menjadi perhatian utama Timnas Pemenangan AMIN. Mulai dari bidang politik, pendidikan, kesehatan, agama, dan ekonomi.Ada 21 nama masuk bursa calon Timnas Pemenangan AMIN. Tiga di antaranya Gubernur Jawa Timur Khofifah Indar Parawansa, jurnalis senior Najwa Shihab, dan Tokoh Publik Veronica Tan."
"Khawatir Pandemi Muncul Lagi, Korsel Stok Vaksin Covid-19",Headline News,https://cdn01.metrotvnews.com/dynamic/content/2023/09/19/NnjC7oQZ/t_6509acebdb736.jpg?w=300,"Khawatir Pandemi Muncul Lagi, Korsel Stok Vaksin Covid-19",
Polres Depok Ringkus 2 Pemalsu Surat Kendaraan Bermotor,Headline News,https://cdn01.metrotvnews.com/dynamic/content/2023/09/19/KvJCB2je/t_6509ac5144d8b.jpg?w=300,Polres Depok Ringkus 2 Pemalsu Surat Kendaraan Bermotor,"Polres Depok menangkap dua tersangka jaringan pemalsu surat kendaraan bermotor. Keduanya disebut sudah beberapa kali memalsukan STNK dan BPKB kendaraan bermotor. Polisi menangkap dua tersangka, MH (43) dan F (39) di kediaman pelaku di Sukmajaya, Kota Depok, Jawa Barat. Pelaku MH disebut memiliki kemampuan desain grafis yang digunakan untuk memalsukan surat kendaraan. Sedangkan pelaku F bertindak sebagai pencari konsumen. Kedua tersangka disebut memperoleh keuntungan puluhan juta rupiah. Pelaku memasang tarif Rp400 ribu hingga Rp700 ribu untuk satu surat kendaraan yang dipalsukan. Para tersangka akhirnya mendekam di ruang tahanan Mapolres Metro Depok dan terancam hukuman enam tahun penjara.""Selain itu yang bersangkutan juga sempat menawarkan dan memberikan keterangan, kalau bisa juga membuat buku nikah serta BPKB,"" ujar Kasat Reskrim Polres Metro Depok Kompol Hadi Kristanto."
4 Kriteria Menteri Pilihan Anies,Headline News,https://cdn01.metrotvnews.com/dynamic/content/2023/09/19/NleC04Y7/t_6509aba256613.jpg?w=300,4 Kriteria Menteri Pilihan Anies,
Helikopter Water Bombing Dikerahkan Padamkan Kebakaran TPA Puri Cempo,Headline News,https://cdn01.metrotvnews.com/dynamic/content/2023/09/19/koGCVvPe/t_6509abedef962.jpg?w=300,Helikopter Water Bombing Dikerahkan Padamkan Kebakaran TPA Puri Cempo,"Badan Nasional Penanggulangan Bencana (BNPB) mengerahkan helikopter untuk memadamkan api di tempat pembuangan akhir (TPA) Putri Cempo Surakarta, Jawa Tengah. TPA tersebut terbakar sejak empat hari lalu, tapi api sulit dipadamkan sehingga harus menggunakan metode pemadaman water bombing.Satu helikopter Super Puma dari BNPB dikerahkan untuk memadamkan api penyebab polusi asap di TPA Putri Cempo, Surakarta, Jawa Tengah.Pemadaman jalur udara dilakukan setelah empat hari Damkar Gabungan berupaya memadamkan api melalui jalur darat. Pemadaman via darat disebut tidak kunjung membuahkan hasil maksimal untuk titik api yang sulit dijangkau. Helikopter Super Puma dikerahkan untuk memadamkan api di lokasi yang sulit dijangkau di beberapa titik. Pemadaman melalui jalur udara akan terus dilaksanakan hingga titik api di TPA ini hilang. Sementara itu karena sudah ada upaya pemadaman jalur udara, pemadaman jalur darat pun dihentikan. Dalam satu hari, helikopter Super Puma dapat mengambil air sekitar 50 kali trip atau perjalanan."
Kemenkes Imbau Kewaspadaan terhadap Virus Nipah Ditingkatkan,Headline News,https://cdn01.metrotvnews.com/dynamic/content/2023/09/19/KYVCJOqY/t_6509aa965a7b0.jpg?w=300,Kemenkes Imbau Kewaspadaan terhadap Virus Nipah Ditingkatkan,
Menpora Kukuhkan Tim Indonesia untuk Asian Games Hangzhou,Primetime News,https://cdn01.metrotvnews.com/dynamic/content/2023/09/19/NOlCYLOM/t_6509a979b9f70.jpg?w=300,Menpora Kukuhkan Tim Indonesia untuk Asian Games Hangzhou,"Menteri Pemuda dan Olahraga Dito Ariotedjo mengukuhkan tim Kontingen Indonesia menuju Asian Games 2022 Hangzhou yang akan berlangsung 23 September hingga 8 Oktober 2023.Indonesia yang mengirimkan total 413 atlet itu menargetkan meraih 12 medali emas.Pengukuhan Tim Indonesia untuk Asian Games 2022 digelar di Auditorium Kementerian PUPR. Atlet 26 cabang olahraga hadir di antaranya basket, angkat besi, tenis, atletik hingga e-sport. Indonesia total mengirimkan 413 atlet dengan rincian 235 putra dan 178 putri dari 30 cabang olahraga. Menpora menyebut, Asian Games menjadi target antara dan menjadi tolak ukur untuk perjuangan menuju Olimpiade Paris 2024.Gelaran Asian Games sebelumnya digelar di Tanah Air pada 2018 lalu. Saat itu, Indonesia menduduki peringkat ke-4 dengan perolehan 31 emas, 24 perak, dan 43 perunggu.""Kita tetap dengan target kita di 12 medali emas,"" ujar Menpora Dito Ariotedjo."
Pemulihan Bromo Butuh Waktu hingga 5 Tahun,Primetime News,https://cdn01.metrotvnews.com/dynamic/content/2023/09/19/kBVC2YPd/t_6509a6a966916.jpg?w=300,Pemulihan Bromo Butuh Waktu hingga 5 Tahun,"Butuh biaya besar dan waktu hingga lima tahun untuk memulihkan vegetasi di kawasan Bromo yang terbakar akibat flare pasangan prewedding beberapa waktu lalu. Hal ini disampaikan oleh Balai Besar Taman Nasional Bromo Tengger Semeru (TNBTS).""Kalau pohonnya kita harus melakukan enrichment planting. Jadi kalau misalkan ada yang mati nanti kita ganti dengan tanaman baru,"" kata Kabag TU BB TNBTS Septi Eka Warhani.Rerumputan di Padang Savana Bukit Teletubbies dan kawasan seputar Gunung Bromo yang terbakar diprediksi bakal segera tumbuh kembali jika hujan turun. Namun pada musim kemarau seperti saat ini, pertumbuhan padang rumput dan ilalang membutuhkan waktu berhari-hari, bahkan berminggu-minggu.Sedangkan di beberapa titik yang ditumbuhi tanaman keras seperti cemara dan akasia, pengelola Bromo menyebut perlu waktu lama dan biaya besar. Bahkan tidak ternilai untuk memulihkan kembali kondisi alam seperti sebelum terbakar."
Anies Tak Menagih Ongkos Pilpres,Headline News,https://cdn01.metrotvnews.com/dynamic/content/2023/09/19/NQAC2gE7/t_6509b4c5a1f50.jpg?w=300,Anies Tak Menagih Ongkos Pilpres,
Kejagung Tetapkan Tersangka Baru Kasus Korupsi Tol MBZ,Headline News,https://cdn01.metrotvnews.com/dynamic/content/2023/09/19/b3JCyaPX/t_6509a51072eea.jpg?w=300,Kejagung Tetapkan Tersangka Baru Kasus Korupsi Tol MBZ,
"Gempa di Pesisir Barat, Getaran Terasa hingga Lampung Barat",Headline News,https://cdn01.metrotvnews.com/dynamic/content/2023/09/19/kewClJyd/t_6509a3da30ec8.jpg?w=300,"Gempa di Pesisir Barat, Getaran Terasa hingga Lampung Barat",
Gibran Minta Maaf Asap Kebakaran TPA Putri Cempo Sampai Karanganyar,Primetime News,https://cdn01.metrotvnews.com/dynamic/content/2023/09/19/bmRCmqo4/t_6509a39bb30d8.jpg?w=300,Gibran Minta Maaf Asap Kebakaran TPA Putri Cempo Sampai Karanganyar,"Wali Kota Surakarta Gibran Rakabuming Raka kembali meminta maaf, khususnya kepada warga Karanganyar yang terdampak langsung asap imbas kebakaran Tempat Pembuangan Akhir (TPA) Putri Cempo. Sejumlah sekolah turut terdampak asap berbahaya tersebut.Gibran mengaku sudah berkoordinasi perihal imbas asap ke sejumlah sekolah dasar di wilayah lain. Termasuk di SDN Plesungan II, Karanganyar. Pasalnya, arah angin bergerak ke atas menuju Desa Plesungan, Gondangrejo. Sedangkan sejumlah sekolah di sekitar TPA Putri Cempo sudah aman dari imbas asap kebakaran Putri Cempo.Gibran meminta maaf kepada warga terdampak asap kebakaran, terutama warga Desa Plesungan yang wilayahnya sudah di luar Surakarta. Gibran juga menyebut akan segera menyelesaikan kebakaran TPA Putri Cempo dengan menginstruksikan pemadaman menggunakan water bombing."
 Bandung Raya Diminta Tata Kelola Sampah Lebih Baik,Headline News,https://cdn01.metrotvnews.com/dynamic/content/2023/09/19/bzGCg8w8/t_6509a207d86fb.jpg?w=300, Bandung Raya Diminta Tata Kelola Sampah Lebih Baik,
Prabowo Tertawa Disebut Tampar dan Cekik Wamentan,The Election Channel,https://cdn01.metrotvnews.com/dynamic/content/2023/09/19/bw6CYr0q/t_6509a0bfe5115.jpg?w=300,Prabowo Tertawa Disebut Tampar dan Cekik Wamentan,"Menteri Pertahanan sekaligus bakal capres Koalisi Indonesia Maju (KIM) Prabowo Subianto tertawa mendengar isu soal dirinya yang disebut mencekik dan menampar Wakil Menteri Pertanian Harvick Hasnul Qolbi.""Ya kita kalau bisa sejuk, sejuk. Tapi nanti sedang diproses juga, dipelajari itu,"" ujar Prabowo saat  mendampingi Presiden Jokowi di Bandung, Jawa Barat, Selasa, 19 September 2023.Prabowo mengaku tak pernah bertemu dengan Wamen yang dimaksud. Dirinya hanya sering bertemu dengan Menteri Pertanian Syahrul Yasin Limpo.Sementara, Presiden Joko Widodo juga menegaskan tidak ada peristiwa itu, apalagi sampai mencekik saat rapat. Presiden berseloroh bahwa Prabowo sekarang adalah orang yang sabar.Presiden menduga isu tersebut dikeluarkan karena sudah masuk tahun politi.k Ia pun meminta agar masyarakat tidak menerima mentah-mentah isu yang beredar di publik.""Dalam situasi politik seperti ini, pasti banyak isu-isu seperti itu. Jadi tolong di-crosscheck kebenarannya,"" kata Presiden Joko Widodo."
Pertanyaan Petugas Partai ke Ganjar Diyakini Bukan Titipan,Primetime News,https://cdn01.metrotvnews.com/dynamic/content/2023/09/19/bD2CZ4Rv/t_65099f691e42c.jpg?w=300,Pertanyaan Petugas Partai ke Ganjar Diyakini Bukan Titipan,"Jakarta: Pakar Komunikasi Politik Effendi Gazali meyakini pertanyaan yang diajukan mahasiswa UI, Naufal, tentang petugas partai ke bakal calon presiden (Bacapres) Ganjar Pranowo murni dari pemikirannya. Bukan pertanyaan titipan dari pihak oposisi.""Saya yakin itu pertanyaan asli dari Naufal. Bukan dititipkan,"" ujar Effendi, dalam program Primetime News Metro TV, Selasa, 19 September 2023.Pada satu sisi, Effendi bisa memaklumi jika Ganjar tidak nyaman dengan istilah petugas partai yang disematkan padanya. Sebab, dia sendiri juga tidak nyaman dengan istilah tersebut.""Jujur saya juga tidak terlalu suka dengan istilah itu,"" ujar Effendi.Ganjar mampu menangkis pertanyaan kritis tersebut. Dia meyakinkan mahasiswa bahwa akan tetap tunduk kepada rakyat jika menjadi presiden. Ganjar mencoba memberi pembuktian 10 tahun menjabat sebagai Gubernur Jawa Tengah.""Nah tantangan itu nanti akan terus dihadapi Ganjar saat kampanye di lapangan,"" katanya.Sebelumnya, Ganjar Pranowo mengikuti Kuliah Kebangsaan di FISIP UI. Dalam kesempatan tersebut, Ganjar merespons pertanyaan yang disampaikan salah satu perserta, Naufal, soal petugas partai.""Anda tidak perlu takut soal petugas partai atau tidak,” terang Ganjar di Kampus UI, Depok, Jawa Barat, Senin, 18 September 2023.Eks Gubernur Jawa Tengah (Jateng) itu menyebut ada perbedaan seorang politikus saat menduduki kepala pemerintahan atau tidak. Saat tidak menjabat, seorang politikus itu disebut sebagai petugas partai.""Saya kader partai, tapi presiden bukan, gubernur bukan. Itulah melayani,” ungkap dia.Namun, status petugas partai tak lagi melekat jika seorang politikus dipercaya menjadi pemimpin pemerintahan. Ganjar menyebut politikus tersebut kemudian beralih menjadi petugas rakyat."
Pengamat Sepak Bola Optimis Timnas U-24 Bisa Kalahkan Kirgistan,Primetime News,https://cdn01.metrotvnews.com/dynamic/content/2023/09/19/NLMCOaZX/t_65099ea18b4e0.jpg?w=300,Pengamat Sepak Bola Optimis Timnas U-24 Bisa Kalahkan Kirgistan,"Pengamat sepak bola Ronny Pangemanan optimis Timnas Indonesia U-24 bisa mengalahkan Kirgistan. Ia merasa yakin dengan tektik yang dilakukan Pelatih Indra Sjafri. ""Kita punya kekuatan, ketika lini depan terisolir, kita masih punya opsi ada empat gelandang yang bisa membuka peluang mencetak gol,"" kata Ronny Pangemanan dalam tayangan Primetime News, Metro TV, Selasa, 19 September 2023. Menurut Ronny, tidak adanya Ramadhan Sananta membuat Indra Sjafri harus bisa membuka otak. Indra Sjafri bisa saja menempatkan Titan Agung untuk menggantikan Ramadhan Sananta.""Kita punya Ramadhan Sananta yang sangat garang. Kalau Ramadhan Sananta ini ada, akan jauh lebih baik, lebih tenang bagi Indra Sjafri, tapi sekarang harus bisa menjalankan dengan situasi dan kondisi tanpa Ramadhan,"" jelasnya.Sebelumnya, Timnas Indonesia U-24 mengawali laga perdana di Asian Games 2022 melawan Kirgistan pada Selasa, 19 September 2023. Meski mengalami krisis di lini depan, Pelatih Indra Sjafri optimis bisa masuk ke fase berikutnya. "
"Korupsi LNG di Pertamina Bikin Negara Rugi Rp2,1 Triliun",Headline News,https://cdn01.metrotvnews.com/dynamic/content/2023/09/19/b2lCr0W1/t_65099e1b2412e.jpg?w=300,"Korupsi LNG di Pertamina Bikin Negara Rugi Rp2,1 Triliun",
Asian Games: Indra Sjafri Optimistis Garuda Muda Kalahkan Kirgistan,Primetime News,https://cdn01.metrotvnews.com/dynamic/content/2023/09/19/NrWCZ7m6/t_65099de5b69b1.jpg?w=300,Asian Games: Indra Sjafri Optimistis Garuda Muda Kalahkan Kirgistan,"Timnas Indonesia U-24 akan mengawali laga perdana di Asian Games 2022 melawan Kirgistan, Selasa malam 19 September 2023. Meski mengalami krisis di lini depan, Indra Sjafri optimistis Timnas bisa masuk ke fase berikutnya.Timnas Indonesia akan melakukan laga perdana Grup F Asian Games 2022 yang digelar tahun ini melawan Kirgistan di Zhejiang Normal University East Stadium, Hangzhou, Tiongkok. Anak asuh Indra Sjafri diprediksi akan bermain ketat dan menarik. Secara head to head di level U-23 maupun U-24, Timnas Indonesia belum pernah bertemu dengan Kirgistan termasuk di gelaran Asian Games.Ketajaman pemain Timnas Indonesia menjadi sorotan. Kini Skuad Garuda Muda tengah dilanda krisis striker, setelah Ramadgan Sananta tidak dilepas oleh klubnya.Timnas Indonesia U-24 hanya membawa satu penyerang murni yakni Titan Agung. Sehingga pemain lini kedua maupun sektor belakang diharapkan turut menyumbangkan gol, di antaranya berharap kepada Egy Maulana Vikri di sektor sayap, Bagas Kaffa di posisi bek kanan, serta Rachmat Irianto di sektor tengah. Meski begitu, pelatih Indra Sjafri mempersiapkan laga dengan maksimal dan optimis untuk menghadapi laga perdana melawan Kirgistan.""Kami berupaya untuk bisa lolos grup dulu. Sekarang tim analis kita lagi melakukan analisa terhadap 3 lawan yang akan kita hadapi. Doakan saja mudah-mudahan kita bisa maksimal dengan pemain yang kita rekrut ini,"" ujar Indra Sjafri. ""Saya yakin dan percaya kepada pemain siapapun itu kalau sudah namanya mewakili negara dan terpilih, mereka harus bisa,"" lanjutnya.Indra Sjafri membawa 22 pemain untuk Asian Games Hanzhou. Skuadnya merupakan jebolan Timnas U-23 yang baru lolos ke Piala Asia U-23 2024. "
Jokowi dan Prabowo Kunjungi PT Pindad,Metro Hari Ini,https://cdn01.metrotvnews.com/dynamic/content/2023/09/19/NxGC58VL/t_65099a9834d9e.jpg?w=300,Jokowi dan Prabowo Kunjungi PT Pindad,"Presiden Joko Widodo bersama Menteri Pertahanan Prabowo Subianto melakukan kunjungan kerja ke PT Pindad. Dalam kunjungannya, Jokowi menargetkan Pindad tembus di posisi 50 terbaik sebagai perusahaan pertahanan dunia.Dalam kunjungan tersebut, keduanya melihat produksi kendaraan tempur yang dimiliki oleh Pindad. Usai melihat hasil produksi Pindad, Jokowi menargetkan Pindad menembus posisi 50 terbaik sebagai perusahaan pertahanan dunia.Diperkirakan tahun ini PT Pindad masuk ke angka 60 dan pada 2025 nanti diharapkan masuk Top 50. Presiden Joko Widodo pun mengapresiasi Kemenhan yang rutin memesan hasil produksi Pindad. "
Anies Tekankan Gerakan Perubahan Bukan Berarti Membatalkan Kebijakan,Headline News,https://cdn01.metrotvnews.com/dynamic/content/2023/09/19/NA0CXVeQ/t_65099a9bafe72.jpg?w=300,Anies Tekankan Gerakan Perubahan Bukan Berarti Membatalkan Kebijakan,
KPK Tahan Eks Dirut Pertamina Karen Agustiawan,Headline News,https://cdn01.metrotvnews.com/dynamic/content/2023/09/19/K5nC4dvZ/t_650998f3ac4dc.jpg?w=300,KPK Tahan Eks Dirut Pertamina Karen Agustiawan,
"'Petugas Partai' Tersemat, Ganjar 'Disekakmat'",The Election Channel,https://cdn01.metrotvnews.com/dynamic/content/2023/09/19/KZmCvlpy/t_65099874b420d.jpg?w=300,"'Petugas Partai' Tersemat, Ganjar 'Disekakmat'","Meski sudah ditegaskan oleh Ketua Umum PDIP Megawati Soekarnoputri soal istilah petugas partai, namun tampaknya masyarakat masih memandang istilah tersebut sebagai hal yang negatif. Hal itu terlihat lewat pertanyaan seorang mahasiswa Universitas Indonesia kepada bakal capres PDIP Ganjar Pranowo yang disambut riuh mahasiswa lainnya. ""Kita punya keresahan, terutama kenapa Ganjar dicalonkan sebagai bacapres. Ketika dicalonkanpun, frasa yang digunakan oleh Ibu Megawati adalah dinaikan tugasnya sebagai kader dan petugas partai,"" kata Koordinator Bidiang Sosial Politik BEM UI Taffi Hensan dalam program Primetime News, Metro TV, Selasa, 19 September 2023. Taffi menyampaikan, istilah petugas partai yang selalu disematkan Ketua Umum PDIP Megawati Soekarnoputri selalu menjadi keresahan mahasiswa. Hal itu dinilai cukup mengganggu. ""Karena selama ini kita lihat Pak Jokowi sering menuruti Ketua Partainya Ibu Megawati,"" ungkap Taffi.Taffi selaku mahasiswa mengaku mempunyai kekhawatiran terhadap Ganjar Pranowo. Dirinya khawatir Ganjar menjadi petugas partai seperti yang dilakukan Joko Widodo selama menjabat sebagai Presiden RI.Ketua DPP PDIP Nusyirwan Soejono pun menjawab keresahan mahasiswa tersebut. Ia menjelaskan bahwa istilah petugas partai adalah kader yang bertugas menjaga ideologi, menjaga konsepsi, dan misi dari partai sekaligus rakyat. ""Ia bertugas untuk mengawal dan menjaga konstitusi yang di dalamnya mennyejahterakan rakyat, di situlah penugasannya itu melekat,"" kata dia.Nusyirwan mengaku tidak tahu jika istilah petugas partai sangat mengganggu dan meresahkan masyarakat. Tetapi, menurutnya PDIP lebih mengedepankan gagasan dan program dibandingkan dengan istilah petugas partai. Sebab, sebuah gagasan yang akan dinilai dan dicerna oleh masyarakat.Di sisi lain, pakar komunikasi politik UI Effendi Gazali juga mengaku tidak menyukai istilah petugas partai. Ia lebih menyukai istilah tersebut diganti dengan kader partai. ""Yang menjadi persoalan adalah dalam diskusi kemarin, itu Pak Ganjar sangat hati-hati. Saya rasa dia (Ganjar) tidak mengulang istilah petugas partai yang ditanyakan Naufal,"" ungkapnya. Sebelumnya, bacapres Ganjar Pranowo akhirnya memenuhi undangan FISIP UI dalam kuliah kebangsaan yang digelar, Senin, 18 September 2023. Dalam forum tersebut, Ganjar dicecar banyak pertanyaan oleh dosen maupun mahasiswa.  Salah satunya seputar dirinya yang kerap kali disebut sebagai petugas partai.Mantan Gubernur Jawa Tengah itu menyebut ada perbedaan seorang politikus saat menduduki kepala pemerintahan atau tidak. Saat tidak menjabat, seorang politikus itu disebut sebagai petugas partai.""Saya kader partai, tapi presiden bukan, gubernur bukan. Itulah melayani,” ungkap Ganjar.Namun, status petugas partai tak lagi melekat jika seorang politikus dipercaya menjadi pemimpin pemerintahan. Ganjar menyebut politikus tersebut kemudian beralih menjadi petugas rakyat."
Eks Dirut Pertamina Karen Agustiawan Ditetapkan Tersangka Korupsi,Breaking News,https://cdn01.metrotvnews.com/dynamic/content/2023/09/19/kj2CAR6Y/t_6509976cd5e12.jpg?w=300,Eks Dirut Pertamina Karen Agustiawan Ditetapkan Tersangka Korupsi,"Komisi Pemberantasan Korupsi (KPK) menetapkan mantan Direktur Utama PT Pertamina (Persero) Karen Agustiawan sebagai tersangka korupsi, Selasa 19 September 2023. Karen terjerat kasus rasuah pengadaan liquefied natural gas (LNG) di PT Pertamina (Persero) pada 2011 sampai 2021.""Mengumumkan tersangka sebagai berikut, GKK alias KA, Direktur Utama PT Pertamina Persero tahun 2009-2014,"" ujar Ketua KPK Firli Bahuri di Gedung Juang KPK, Jakarta Selatan, Selasa, 19 September 2023.Selanjutnya, Karen Agustiawan ditahan selama 20 hari pertama mulai dari 19 September 2023 sampai 8 Oktober 2023. Karen bakal mendekam di Rumah Tahanan (Rutan) Negara cabang KPK. Upaya paksa itu bisa diperpanjang jika penyidik membutuhkan waktu tambahan untuk mendalami perkara ini.""Untuk kebutuhan penyidikan,"" ujar FirliSebelumnya, KPK terbang ke Amerika untuk mendalami dugaan rasuah dalam pengadaan LNG di PT Pertamina (Persero). Perjalanan dinas itu dinilai penting untuk mencari bukti baru.""Kita juga sudah ke Amerika, ketemu FBI, dan perusahaan di sana, termasuk juga tanya tentang itu,"" kata pelaksana tugas (Plt) Deputi Penindakan dan Eksekusi KPK Asep Guntur di Jakarta, Senin, 18 September 2023.Asep menjelaskan penyidik terbang ke Amerika pada akhir Agustus 2023. Pendalaman informasi di sana dinilai penting karena pengadaan LNG menyeret beberapa perusahaan luar negeri.""Perkara ini kan juga terkait dengan trading, penjualan, dengan perusahaan-perusahaan di luar negeri. Nah itu yang membuat kita perlu ke luar negeri, periksa,"" ucap Asep. "
Klarifikasi Jokowi soal Data Intelijen Parpol: Itu Laporan Rutin,Metro Hari Ini,https://cdn01.metrotvnews.com/dynamic/content/2023/09/19/KXyC92DG/t_6509938c228db.jpg?w=300,Klarifikasi Jokowi soal Data Intelijen Parpol: Itu Laporan Rutin,"Presiden Joko Widodo (Jokowi) mengklarifikasi pernyataannya soal data intelijen tentang kondisi internal dan arah pergerakan partai politik. Presiden menyatakan bahwa data dan informasi yang dimilikinya merupakan laporan rutin yang selalu diberikan oleh berbagai pihak kepadanya. Tidak hanya soal politik, tapi juga soal sosial ekonomi.""Ya saya itu secara rutin mendapatkan laporan mengenai hal yang berkaitan dengan politik, yang berkaitan dengan ekonomi, yang berkaitan dengan sosial selalu mendapatkan informasi itu,"" ujar Jokowi seusai melakukan kunjungan di Pasar Bali Mester, Jatinegara, Jakarta, Selasa, 19 September 2023.Jokowi mengaku menerima informasi-informasi tersebut dari Badan Intelijen Negara (BIN), Badan Intelijen Strategis (BAIS) TNI dan mengenai kondisi keamanan dari big data Polri.""Aliran dana dari PPATK semuanya saya dapat. Itu, makanan sehari-hari saya, hasil survei mereka (partai politik) data-data angka-angka semuanya. Pagi-pagi itu (informasi tersebut) sarapan saya, angka-angka data-data, apa itu laporan-laporan rutin seperti itu apa, kenapa? hahaha,"" ujar Jokowi.Jokowi hanya tersenyum dan tertawa saat ditanya bahwa data tersebut rawan digunakan untuk kepentingan politik termasuk tudingan cawe-cawe istana menjelang Pemilihan Presiden (Pilpres) 2024.Seperti diberitakan, di depan para relawan Jokowi menjelaskan bahwa ia memiliki informasi arah partai politik serta data pendukung seperti hasil survei terkait tahun politik 2024.""Dan informasi-informasi di luar itu, angka data, survei semuanya ada. Saya pegang semua dan itu hanya miliknya Presiden karena langsung, langsung ke saya,"" tuturnya.Jokowi juga menyampaikan bahwa relawan sudah dapat mulai memanaskan mesin politik menjelang agenda Pemilu 2024. Kepemimpinan Indonesia ke depan, menurut Jokowi, dapat menentukan kemampuan Indonesia untuk menjadi negara maju, bukan lagi negara berkembang."
Bulog Kalsel Impor 3.500 Ton Beras,Headline News,https://cdn01.metrotvnews.com/dynamic/content/2023/09/19/kpLCr561/t_6509915c455ff.jpg?w=300,Bulog Kalsel Impor 3.500 Ton Beras,
Anies Baswedan Dorong Pengawasan KPK Lebih Maksimal,Headline News,https://cdn01.metrotvnews.com/dynamic/content/2023/09/19/kELC1ZEa/t_6509912d6295d.jpg?w=300,Anies Baswedan Dorong Pengawasan KPK Lebih Maksimal,
Anies Nilai KPK Harus Independen Seperti Dulu,Headline News,https://cdn01.metrotvnews.com/dynamic/content/2023/09/19/N4EC2VWW/t_6509915730ab4.jpg?w=300,Anies Nilai KPK Harus Independen Seperti Dulu,
Jubir Prabowo Sebut Penyebaran Hoaks Jelang Pemilu Harus Dihentikan,The Election Channel,https://cdn01.metrotvnews.com/dynamic/content/2023/09/19/bJECndA6/t_6509968023714.jpg?w=300,Jubir Prabowo Sebut Penyebaran Hoaks Jelang Pemilu Harus Dihentikan,"Juru Bicara Prabowo Subianto, Dahnil Anzar Simanjuntak membantah kabar Prabowo Subianto menampar dan mencekik Wamentan. Ia meminta agar penyebaran berita hoaks tersebut segera dihentikan. ""Pak Prabowo sejak awal mengingatkan kepada seluruh pendukung beliau, seluruh simpatisan beliau dan kader-kader Gerindra untuk tidak melayani semua fitnah dan hoaks, dan kita harus tetap sabar,"" kata Dahnil Anzar Simanjuntak dalam program Metro Hari Ini, Metro TV, Selasa, 19 September 2023. Menurut Dahnil, penyebaran berita hoaks merupakan perilaku yang tidak pantas ditunjukkan. Sebab, akan selalu ada kelompok-kelompok tertentu yang berupaya menebarkan fitnah dan hoaks untuk menimbulkan kericuhan jelang tahun politik.""Bahkan Pak Presiden ikut menjawab, Kementerian Pertanian juga ikut mengklarifikasi bahwa itu fitnah,"" ujarnya.Dahnil menyampaikan bahwa Prabowo tidak pernah bertemu Wamentan Harvick Hasnul Qolbi. ""Yang paling berbahaya adalah orang-orang yang sedang menebar hoaks dan fitnah ini memang mereka-mereka yang sudah terkenal sebagai produsen dan suka menebar fitnah,"" ujar Dahnil.""Kita ingin demokrasi kita dilaksanakan dengan gembira, dengan kompetisi yang sehat, bukan dengan kompetisi yang diisi dengan fitnah dan hoaks,"" imbuhnya.Juru Bicara Prabowo tersebut menginginkan demokrasi di Indonesia dilaksanakan dengan sehat, serta diisi dengan kompetisi. Bukan diisi dengan fitnah dan hoaks. ""Jika ada relawan yang keberatan, kami (Prabowo) tidak bisa menghalangi hak konstitusional mereka,"" ucap Dahnil.Dahnil mengimbau masyarakat agar selalu mengecek segala informasi menjelang pemilu. Masyarakat diminta tabayun dan pastikan informasi yang diperoleh benar dan dapat dipertanggungjawabkan. ""Pak Prabowo berharap semua elemen berkompetisi dengan sehat, gembira,"" ungkapnya. "
4 Daerah Langganan TPA Sarimukti Diminta Menghemat Kuota Pembuangan Sampah,Headline News,https://cdn01.metrotvnews.com/dynamic/content/2023/09/19/Ky6CBadJ/t_65098e718a601.jpg?w=300,4 Daerah Langganan TPA Sarimukti Diminta Menghemat Kuota Pembuangan Sampah,
Jokowi Harap Indonesia Masuk 10 Besar Asian Games Hangzhou,Headline News,https://cdn01.metrotvnews.com/dynamic/content/2023/09/19/NG9C5DBd/t_65098d91bd7ad.jpg?w=300,Jokowi Harap Indonesia Masuk 10 Besar Asian Games Hangzhou,"Presiden Joko Widodo atau Jokowi melepas 576 atlet Indonesia yang akan berangkat mengikuti kompetisi Asian Games ke-19 di Hangzhou, Tiongkok. Jokowi menyampaikan ada 30 cabang olahraga yang akan diikuti kontingen Indonesia. Ia berharap Indonesia bisa masuk dalam 10 besar di Asian Games.""Saya hanya titip di Asian Games, di Jakarta (saat Indonesia jadi tuan rumah), kita berada di ranking ke empat meskipun tadi menteri pemuda dan olahraga sudah mengalkulasi kira-kira akan jatuh rankingnya di ranking 12, buat saya kok jauh banget. Jadi jangan (rangking) 12 lah, saya minta masuk ke 10 besar,"" ujar Jokowi di halaman Istana Merdeka, Jakarta, Selasa 19 September 2023.Menurutnya memang ada perbedaan antara negara yang tengah menjadi tuan rumah, dengan negara peserta. Meskipun kontingen Indonesia tidak sedang bertanding di negara sendiri, ia berharap semangat para atlet tidak kendor.""Saya tahu menjadi tuan rumah dan tidak menjadi tuan rumah itu beda, saya tahu. Jadi kembali lagi target saya masuk ke 10 besar. Biasanya hitungan saya enggak meleset,"" ujarnya.""Saya rasa itu yang ingin saya sampaikan selamat bertanding dan atas nama rakyat, bangsa dan negara. Saya menantikan prestasi-prestasi dan emas yang sebanyak-banyaknya yang bisa kita raih,"" sambung presiden."
5 Kabupaten di Sulteng Berpotensi Kekeringan Parah,Headline News,https://cdn01.metrotvnews.com/dynamic/content/2023/09/19/N0BCrQaY/t_65098d3be7366.jpg?w=300,5 Kabupaten di Sulteng Berpotensi Kekeringan Parah,
Lahan Senilai Rp149 Miliar di Bandar Lampung Disita Satgas BLBI,Headline News,https://cdn01.metrotvnews.com/dynamic/content/2023/09/19/KdZCVnyQ/t_65098d0036619.jpg?w=300,Lahan Senilai Rp149 Miliar di Bandar Lampung Disita Satgas BLBI,
"Bertambah, 21 Saksi Diperiksa Terkait Kebakaran Museum Nasional",Headline News,https://cdn01.metrotvnews.com/dynamic/content/2023/09/19/b7WCRy78/t_65098d5400db6.jpg?w=300,"Bertambah, 21 Saksi Diperiksa Terkait Kebakaran Museum Nasional",
